id;user_id;com_id;secret_key;otp;action_time;expire_time
1;13953;1681;matrices Integration;Israel Frozen;2021-01-19;2021-01-19
2;22588;47256;Security;models Dynamic Buckinghamshire;2021-01-19;2021-01-18
3;203;30306;yellow unleash Kids;Future;2021-01-18;2021-01-18
4;72655;71851;Ergonomic Solomon Islands Dollar;payment;2021-01-18;2021-01-18
5;78761;25475;Self-enabling;Indiana Administrator;2021-01-18;2021-01-18
6;14519;41659;neural Inverse;port Streamlined Rhode Island;2021-01-18;2021-01-18
7;34966;29338;Rhode Island Global;monitor;2021-01-18;2021-01-18
8;2433;85398;quantifying;Wells hierarchy SDD;2021-01-18;2021-01-18
9;53950;50472;directional e-tailers;mobile;2021-01-18;2021-01-18
10;77409;80032;frictionless Money Market Account;initiative;2021-01-18;2021-01-18
